Ime,Prikazano ime,Glavna e-pošta:,Naslov v službi,Organizacija
"LOZAR ALEKSANDER S.P. - INŽENIRING, KLJUČAVNIČARSTO","LOZAR ALEKSANDER S.P. - INŽENIRING, KLJUČAVNIČARSTO",,"Bilje 124 F, 5292 Renče",", LOZAR ALEKSANDER S.P. - INŽENIRING, KLJUČAVNIČARSTO"
VETERINARSKA BOLNICA VIPAVA IVAN PRINCES S.P.,VETERINARSKA BOLNICA VIPAVA IVAN PRINCES S.P.,,"Gradiška cesta 10, 5271 Vipava",", VETERINARSKA BOLNICA VIPAVA IVAN PRINCES S.P."
"PREVOZ, GRADBENA MEHANIZACIJA IN GRADBENIŠTVO KOSEC MIHA S.P.","PREVOZ, GRADBENA MEHANIZACIJA IN GRADBENIŠTVO KOSEC MIHA S.P.",,"Jalnova ulica 4, 1234 Mengeš",", PREVOZ, GRADBENA MEHANIZACIJA IN GRADBENIŠTVO KOSEC MIHA S.P."
GRADBENA MEHANIZACIJA VILKO KONC S.P.,GRADBENA MEHANIZACIJA VILKO KONC S.P.,,"Visoko 5, 4212 Visoko",", GRADBENA MEHANIZACIJA VILKO KONC S.P."
RAČUNOVODSKI SERVIS TATJANA LENKO S.P.,RAČUNOVODSKI SERVIS TATJANA LENKO S.P.,,"Jarmovec 5, 3222 Dramlje",", RAČUNOVODSKI SERVIS TATJANA LENKO S.P."
KASTELIC MARKO DR. VET. MED.S.P. VETERINARSKA AMBULANTA TRBOVLJE,KASTELIC MARKO DR. VET. MED.S.P. VETERINARSKA AMBULANTA TRBOVLJE,,"Gimnazijska cesta 19, 1420 Trbovlje",", KASTELIC MARKO DR. VET. MED.S.P. VETERINARSKA AMBULANTA TRBOVLJE"
"DIMNIKARSTVO, PRIMOŽ RAUTER S.P.","DIMNIKARSTVO, PRIMOŽ RAUTER S.P.",,"Vodnikova cesta 5, 4264 Bohinjska Bistrica",", DIMNIKARSTVO, PRIMOŽ RAUTER S.P."
"VARSTVENO DELOVNI CENTER MUC, SRETO ZELEN S.P.","VARSTVENO DELOVNI CENTER MUC, SRETO ZELEN S.P.",,"Preserje 16 B, 3314 Braslovče",", VARSTVENO DELOVNI CENTER MUC, SRETO ZELEN S.P."
"PRODAJA SADJA IN ZELENJAVE, DIMNIKARSTVO BRANKO LUK S.P.","PRODAJA SADJA IN ZELENJAVE, DIMNIKARSTVO BRANKO LUK S.P.",,"Male Žablje 69, 5263 Dobravlje",", PRODAJA SADJA IN ZELENJAVE, DIMNIKARSTVO BRANKO LUK S.P."
"FIZIOTERAPIJA, NATAŠA BERŠNAK S.P.","FIZIOTERAPIJA, NATAŠA BERŠNAK S.P.",,"Glavni trg 27, 8290 Sevnica",", FIZIOTERAPIJA, NATAŠA BERŠNAK S.P."
POGREBNA DEJAVNOST IN CVETLIČARNA HIACINTA DUŠAN BRATUŠA S.P.,POGREBNA DEJAVNOST IN CVETLIČARNA HIACINTA DUŠAN BRATUŠA S.P.,,"Vogričevci 18 A, 9240 Ljutomer",", POGREBNA DEJAVNOST IN CVETLIČARNA HIACINTA DUŠAN BRATUŠA S.P."
"VETERINARSKA AMBULANTA ŽAK, KORENT ALEŠA s.p.","VETERINARSKA AMBULANTA ŽAK, KORENT ALEŠA s.p.",,"Trnovska vas 42 A, 2254 Trnovska vas",", VETERINARSKA AMBULANTA ŽAK, KORENT ALEŠA s.p."
DIMNIKARSTVO IN MERITVE DIMNIH EMISIJ UROŠ LIPANJE S.P.,DIMNIKARSTVO IN MERITVE DIMNIH EMISIJ UROŠ LIPANJE S.P.,,"Trnje 42, 6257 Pivka",", DIMNIKARSTVO IN MERITVE DIMNIH EMISIJ UROŠ LIPANJE S.P."
DIMNIKARSTVO UROŠ VERAČ S.P.,DIMNIKARSTVO UROŠ VERAČ S.P.,,"Trg svobode 2, 4226 Žiri",", DIMNIKARSTVO UROŠ VERAČ S.P."
"PITUS GRADNJE - PREVOZNIŠTVO, IZKOPI, TLAKOVANJE, UREJANJE OKOLJA, STORITVE KETIŠ VESNA ČEPE S.P.","PITUS GRADNJE - PREVOZNIŠTVO, IZKOPI, TLAKOVANJE, UREJANJE OKOLJA, STORITVE KETIŠ VESNA ČEPE S.P.",,"Zgornja Kungota 17 Č, 2201 Zgornja Kungota",", PITUS GRADNJE - PREVOZNIŠTVO, IZKOPI, TLAKOVANJE, UREJANJE OKOLJA, STORITVE KETIŠ VESNA ČEPE S.P."
PERUN- DRESURA PSOV BRANKO PIRC S.P.,PERUN- DRESURA PSOV BRANKO PIRC S.P.,,"Blejska Dobrava 160, 4273 Blejska Dobrava",", PERUN- DRESURA PSOV BRANKO PIRC S.P."
"MEDICOCONSULTING, MARJANCA KUŽNAR JUGOVAR S.P.","MEDICOCONSULTING, MARJANCA KUŽNAR JUGOVAR S.P.",,"Celjska cesta 7, 3250 Rogaška Slatina",", MEDICOCONSULTING, MARJANCA KUŽNAR JUGOVAR S.P."
"KOZMETIKA, PEDIKURA, MASAŽA LIDIJA PUSTAI ŠAFARIČ dr. med. specialist dermatovenerolog s.p.","KOZMETIKA, PEDIKURA, MASAŽA LIDIJA PUSTAI ŠAFARIČ dr. med. specialist dermatovenerolog s.p.",,"Ulica arhitekta Novaka 13, 9000 Murska Sobota",", KOZMETIKA, PEDIKURA, MASAŽA LIDIJA PUSTAI ŠAFARIČ dr. med. specialist dermatovenerolog s.p."
POGREBNE STORITVE VRBANČIČ ANDREJ VRBANČIČ S.P.,POGREBNE STORITVE VRBANČIČ ANDREJ VRBANČIČ S.P.,,"Vegova ulica 4 A, 1233 Dob",", POGREBNE STORITVE VRBANČIČ ANDREJ VRBANČIČ S.P."
VETERINARSKI CENTER MATEJA PLEVNIK S.P.,VETERINARSKI CENTER MATEJA PLEVNIK S.P.,,"Tovarniška cesta 10, 1370 Logatec",", VETERINARSKI CENTER MATEJA PLEVNIK S.P."
"POGREBNE STORITVE,OPREMA,VZDRŽEVANJE POKOPALIŠČ IN ZELENIC ALEKSANDRA VUČKIČ BANFI S.P.","POGREBNE STORITVE,OPREMA,VZDRŽEVANJE POKOPALIŠČ IN ZELENIC ALEKSANDRA VUČKIČ BANFI S.P.",,"Veščica 17, 9000 Murska Sobota",", POGREBNE STORITVE,OPREMA,VZDRŽEVANJE POKOPALIŠČ IN ZELENIC ALEKSANDRA VUČKIČ BANFI S.P."
"EKOLOŠKO SVETOVANJE, PROJEKTIRANJE-INŽENIRING REBERNIK GORAN S.P.","EKOLOŠKO SVETOVANJE, PROJEKTIRANJE-INŽENIRING REBERNIK GORAN S.P.",,"Pot na Kamenšak 2, 2230 Lenart v Slov. goricah",", EKOLOŠKO SVETOVANJE, PROJEKTIRANJE-INŽENIRING REBERNIK GORAN S.P."
DIMNIKARSKI MOJSTER S.O.S. ISMET OKIĆ S.P.,DIMNIKARSKI MOJSTER S.O.S. ISMET OKIĆ S.P.,,"Vodmatska ulica 18, 1000 Ljubljana",", DIMNIKARSKI MOJSTER S.O.S. ISMET OKIĆ S.P."
ZASEBNA SPECIALISTIČNA SPLOŠNA ORDINACIJA VOJKA KOSTEVC S.P.,ZASEBNA SPECIALISTIČNA SPLOŠNA ORDINACIJA VOJKA KOSTEVC S.P.,,"Savska cesta 10, 1000 Ljubljana",", ZASEBNA SPECIALISTIČNA SPLOŠNA ORDINACIJA VOJKA KOSTEVC S.P."
OCULUS KEMAJL KAMERI S.P.,OCULUS KEMAJL KAMERI S.P.,,"Adamičeva cesta 41 B, 1290 Grosuplje",", OCULUS KEMAJL KAMERI S.P."
SPECIALISTIČNA IZVENBOLNIŠNIČNA ZDRAVSTVENA DEJAVNOST TRIPKOVIČ MILETA S.P.,SPECIALISTIČNA IZVENBOLNIŠNIČNA ZDRAVSTVENA DEJAVNOST TRIPKOVIČ MILETA S.P.,,"Maistrova ulica 32, 2000 Maribor",", SPECIALISTIČNA IZVENBOLNIŠNIČNA ZDRAVSTVENA DEJAVNOST TRIPKOVIČ MILETA S.P."
PLASTIČNA KIRURGIJA JANEŽIČ TOMAŽ JANEŽIČ S.P.,PLASTIČNA KIRURGIJA JANEŽIČ TOMAŽ JANEŽIČ S.P.,,"V Murglah 8, 1000 Ljubljana",", PLASTIČNA KIRURGIJA JANEŽIČ TOMAŽ JANEŽIČ S.P."
"VETERINARSKA AMBULANTA MEDICUS, BLAŽ GAŠPERLIN S.P.","VETERINARSKA AMBULANTA MEDICUS, BLAŽ GAŠPERLIN S.P.",,"Sajovčevo naselje 46, 4208 Šenčur",", VETERINARSKA AMBULANTA MEDICUS, BLAŽ GAŠPERLIN S.P."
"ZDRAVJE - DRUŽINSKA MEDICINA, IVAN URBANC, s.p.","ZDRAVJE - DRUŽINSKA MEDICINA, IVAN URBANC, s.p.",,"Florjan 165 C, 3325 Šoštanj",", ZDRAVJE - DRUŽINSKA MEDICINA, IVAN URBANC, s.p."
"TRGOVINA IN STORITVE, FRANC DUH, S.P.","TRGOVINA IN STORITVE, FRANC DUH, S.P.",,"Pogled 1, 9253 Apače",", TRGOVINA IN STORITVE, FRANC DUH, S.P."
"DIMNIKARSTVO, SERVIS IN MONTAŽA, KLIMATIZACIJA - ENERGETIKA PEČNIK GAŠPER PEČNIK S.P., P.P. 181","DIMNIKARSTVO, SERVIS IN MONTAŽA, KLIMATIZACIJA - ENERGETIKA PEČNIK GAŠPER PEČNIK S.P., P.P. 181",,"Kidričeva cesta 2 A, 3320 Velenje",", DIMNIKARSTVO, SERVIS IN MONTAŽA, KLIMATIZACIJA - ENERGETIKA PEČNIK GAŠPER PEČNIK S.P., P.P. 181"
"FIZIOLILI, FIZIOTERAPIJA IN REHABILITACIJA LILI ŠILER S.P.","FIZIOLILI, FIZIOTERAPIJA IN REHABILITACIJA LILI ŠILER S.P.",,"Hruševec 55, 8351 Straža pri Novem mestu",", FIZIOLILI, FIZIOTERAPIJA IN REHABILITACIJA LILI ŠILER S.P."
"STORITVE, SVETOVANJE - MISLETA TERNAR MIRA s.p.","STORITVE, SVETOVANJE - MISLETA TERNAR MIRA s.p.",,"Ledavska ulica 35 A, 9000 Murska Sobota",", STORITVE, SVETOVANJE - MISLETA TERNAR MIRA s.p."
"TEŽKA GRADBENA MEHANIZACIJA, ROMAN KOSIRNIK S.P.","TEŽKA GRADBENA MEHANIZACIJA, ROMAN KOSIRNIK S.P.",,"Moste 1 B, 1218 Komenda",", TEŽKA GRADBENA MEHANIZACIJA, ROMAN KOSIRNIK S.P."
VETERINARSTVO EVA LESJAK S.P.,VETERINARSTVO EVA LESJAK S.P.,,"Gabrska Gora 4, 1274 Gabrovka",", VETERINARSTVO EVA LESJAK S.P."
"STORITVE, SVETOVANJE, NEPREMIČNINE, GREGOR ZAVRŠNIK S.P.","STORITVE, SVETOVANJE, NEPREMIČNINE, GREGOR ZAVRŠNIK S.P.",,"Sončna vas 2, 2351 Kamnica",", STORITVE, SVETOVANJE, NEPREMIČNINE, GREGOR ZAVRŠNIK S.P."
"KRTEK IZKOPI, LOVRO MARKIČ S.P.","KRTEK IZKOPI, LOVRO MARKIČ S.P.",,"Cankarjeva ulica 4, 4240 Radovljica",", KRTEK IZKOPI, LOVRO MARKIČ S.P."
"INTERNISTIČNI CENTER PREBIL, UROŠ PREBIL S.P.","INTERNISTIČNI CENTER PREBIL, UROŠ PREBIL S.P.",,"Jelenčeva ulica 24, 4000 Kranj",", INTERNISTIČNI CENTER PREBIL, UROŠ PREBIL S.P."
SONČEK ZELIŠČNO ZDRAVILSTVO MARTIN LOZAR MAG. FARM. S.P.,SONČEK ZELIŠČNO ZDRAVILSTVO MARTIN LOZAR MAG. FARM. S.P.,,"Gregorčičeva ulica 16, 5270 Ajdovščina",", SONČEK ZELIŠČNO ZDRAVILSTVO MARTIN LOZAR MAG. FARM. S.P."
"Zasebna ambulanta splošne medicine Špiro Stanivuk, s.p.","Zasebna ambulanta splošne medicine Špiro Stanivuk, s.p.",,"Mariborska cesta 37, 2360 Radlje ob Dravi",", Zasebna ambulanta splošne medicine Špiro Stanivuk, s.p."
"ANA VETERNIK DEBELJAK S.P., ZASEBNA INTERNISTIČNA KARDIOLOŠKA AMBULANTA","ANA VETERNIK DEBELJAK S.P., ZASEBNA INTERNISTIČNA KARDIOLOŠKA AMBULANTA",,"Lipnica 2, 4245 Kropa",", ANA VETERNIK DEBELJAK S.P., ZASEBNA INTERNISTIČNA KARDIOLOŠKA AMBULANTA"
VETERINARSKA AMBULANTA VINKO PRISTOV S.P.,VETERINARSKA AMBULANTA VINKO PRISTOV S.P.,,"Hraše 20 A, 4248 Lesce",", VETERINARSKA AMBULANTA VINKO PRISTOV S.P."
AVTOBUSNI PREVOZI ANITA LIPIČNIK S.P.,AVTOBUSNI PREVOZI ANITA LIPIČNIK S.P.,,"Bukovlje 9, 3206 Stranice",", AVTOBUSNI PREVOZI ANITA LIPIČNIK S.P."
DIMNIKARSTVO DOMEN VERAČ S.P.,DIMNIKARSTVO DOMEN VERAČ S.P.,,"Za Savo 1, 1430 Hrastnik",", DIMNIKARSTVO DOMEN VERAČ S.P."
"ŽAREK UPANJA, osebne storitve, Andreja Orel s.p.","ŽAREK UPANJA, osebne storitve, Andreja Orel s.p.",,"Jemčeva cesta 21, 1236 Trzin",", ŽAREK UPANJA, osebne storitve, Andreja Orel s.p."
KPU pogrebne storitve NEVENKA POLC ŠPES s.p.,KPU pogrebne storitve NEVENKA POLC ŠPES s.p.,,"Tattenbachova ulica 14, 3210 Slovenske Konjice",", KPU pogrebne storitve NEVENKA POLC ŠPES s.p."
"VETERINARSKA AMBULANTA REP, IZTOK REP S.P.","VETERINARSKA AMBULANTA REP, IZTOK REP S.P.",,"Pod gradom 17, 8230 Mokronog",", VETERINARSKA AMBULANTA REP, IZTOK REP S.P."
"POGREBNE STORITVE VRHOVEC, SUZANA VRHOVEC S.P.","POGREBNE STORITVE VRHOVEC, SUZANA VRHOVEC S.P.",,"Drenov Grič 128, 1360 Vrhnika",", POGREBNE STORITVE VRHOVEC, SUZANA VRHOVEC S.P."
"SENIOR, Center za pomoč starejšim, Lidija Umek s.p.","SENIOR, Center za pomoč starejšim, Lidija Umek s.p.",,"Zagaj 36, 3256 Bistrica ob Sotli",", SENIOR, Center za pomoč starejšim, Lidija Umek s.p."
VZDRŽEVANJE OBJEKTOV IN OKOLICE ANTON ŠTUKELJ S.P.,VZDRŽEVANJE OBJEKTOV IN OKOLICE ANTON ŠTUKELJ S.P.,,"Kot 1, 8333 Semič",", VZDRŽEVANJE OBJEKTOV IN OKOLICE ANTON ŠTUKELJ S.P."
ZASEBNA OČESNA AMBULANTA DR. MED. MARCELA PUVALIĆ S.P.,ZASEBNA OČESNA AMBULANTA DR. MED. MARCELA PUVALIĆ S.P.,,"Trg Jožeta Lampreta 1, 3325 Šoštanj",", ZASEBNA OČESNA AMBULANTA DR. MED. MARCELA PUVALIĆ S.P."
"ORTHAS, DENTOFACIALNA ORTOPEDIJA, ALEKSANDER SAPAČ S.P.","ORTHAS, DENTOFACIALNA ORTOPEDIJA, ALEKSANDER SAPAČ S.P.",,"Cvetkova ulica 12, 9000 Murska Sobota",", ORTHAS, DENTOFACIALNA ORTOPEDIJA, ALEKSANDER SAPAČ S.P."
ZOBOZDRAVSTVENA DEJAVNOST ZOBNA VILA BREDA LETNIK S.P.,ZOBOZDRAVSTVENA DEJAVNOST ZOBNA VILA BREDA LETNIK S.P.,,"Kosova ulica 9, 2000 Maribor",", ZOBOZDRAVSTVENA DEJAVNOST ZOBNA VILA BREDA LETNIK S.P."
MIGETALNICA VADBA ZA CELOSTNI RAZVOJ OTROKA MARKO VOVK S.P.,MIGETALNICA VADBA ZA CELOSTNI RAZVOJ OTROKA MARKO VOVK S.P.,,"Ustje 39 D, 5270 Ajdovščina",", MIGETALNICA VADBA ZA CELOSTNI RAZVOJ OTROKA MARKO VOVK S.P."
"Splošno in estetsko zobozdravstvo, Nina Kotnik-Travnik, s.p.","Splošno in estetsko zobozdravstvo, Nina Kotnik-Travnik, s.p.",,"Na jasi 6, 1241 Kamnik",", Splošno in estetsko zobozdravstvo, Nina Kotnik-Travnik, s.p."
TURIZEM IN STORITVE Z GRADBENO MEHANIZACIJO Marko Rugole s.p.,TURIZEM IN STORITVE Z GRADBENO MEHANIZACIJO Marko Rugole s.p.,,"Bosljiva Loka 15 A, 1337 Osilnica",", TURIZEM IN STORITVE Z GRADBENO MEHANIZACIJO Marko Rugole s.p."
OSKRBA IN POMOČ OLGA LUPŠA S.P.,OSKRBA IN POMOČ OLGA LUPŠA S.P.,,"Kokoriči 26, 9242 Križevci pri Ljutomeru",", OSKRBA IN POMOČ OLGA LUPŠA S.P."
ELEKTROINŠTALATERSTVO - MARJAN STRNAD S.P.,ELEKTROINŠTALATERSTVO - MARJAN STRNAD S.P.,,"Videm 33 B, 1312 Videm - Dobrepolje",", ELEKTROINŠTALATERSTVO - MARJAN STRNAD S.P."
PIETA - POGREBNA DEJAVNOST FRANC TRŠAR S.P.,PIETA - POGREBNA DEJAVNOST FRANC TRŠAR S.P.,,"Gabrče 9, 1360 Vrhnika",", PIETA - POGREBNA DEJAVNOST FRANC TRŠAR S.P."
SERVIS IN PRODAJA VODOMEROV BRANKO ZORIN s.p.,SERVIS IN PRODAJA VODOMEROV BRANKO ZORIN s.p.,,"Pečica 1 A, 3241 Podplat",", SERVIS IN PRODAJA VODOMEROV BRANKO ZORIN s.p."
GRADBENA MEHANIZACIJA - NIZKE GRADNJE BERNARD BAUER S.P.,GRADBENA MEHANIZACIJA - NIZKE GRADNJE BERNARD BAUER S.P.,,"Ulica ob potoku 8, 2360 Radlje ob Dravi",", GRADBENA MEHANIZACIJA - NIZKE GRADNJE BERNARD BAUER S.P."
AVTOPREVOZNIŠTVO - PREVOZ BLAGA IN OSEB MARTIN - VALENTINA FRELIH S.P.,AVTOPREVOZNIŠTVO - PREVOZ BLAGA IN OSEB MARTIN - VALENTINA FRELIH S.P.,,"Goropeke 10, 4226 Žiri",", AVTOPREVOZNIŠTVO - PREVOZ BLAGA IN OSEB MARTIN - VALENTINA FRELIH S.P."
DIMNIKARSTVO LITIJA FRANC DOBRAVEC S.P.,DIMNIKARSTVO LITIJA FRANC DOBRAVEC S.P.,,"Sitarjevška cesta 47 A, 1270 Litija",", DIMNIKARSTVO LITIJA FRANC DOBRAVEC S.P."
OŠTRMAN TOURS PREVOZ POTNIKOV IN STVARI PAVEL ŠTERK S.P.,OŠTRMAN TOURS PREVOZ POTNIKOV IN STVARI PAVEL ŠTERK S.P.,,"Kovača vas 6, 8342 Stari trg ob Kolpi",", OŠTRMAN TOURS PREVOZ POTNIKOV IN STVARI PAVEL ŠTERK S.P."
AVTOBUSNI PREVOZI POLIKARP KASTIGAR S.P.,AVTOBUSNI PREVOZI POLIKARP KASTIGAR S.P.,,"Preska pri Dobrniču 5 A, 8211 Dobrnič",", AVTOBUSNI PREVOZI POLIKARP KASTIGAR S.P."
ŽOLGER JOŽEF S.P. - GRADBENE STORITVE AVTOPREVOZNIŠTVO ŽOLGER,ŽOLGER JOŽEF S.P. - GRADBENE STORITVE AVTOPREVOZNIŠTVO ŽOLGER,,"Majšperk 14 A, 2323 Ptujska gora",", ŽOLGER JOŽEF S.P. - GRADBENE STORITVE AVTOPREVOZNIŠTVO ŽOLGER"
"MIRTTOURS, PETER MIRT S.P.","MIRTTOURS, PETER MIRT S.P.",,"Blanca 32, 8283 Blanca",", MIRTTOURS, PETER MIRT S.P."
"KIPERTRANS AVTOPREVOZNIŠTVO, GRADBENA MEHANIZACIJA, POSREDOVANJE RAJŠP ANTON S.P.","KIPERTRANS AVTOPREVOZNIŠTVO, GRADBENA MEHANIZACIJA, POSREDOVANJE RAJŠP ANTON S.P.",,"Miklavška cesta 67, 2311 Hoče",", KIPERTRANS AVTOPREVOZNIŠTVO, GRADBENA MEHANIZACIJA, POSREDOVANJE RAJŠP ANTON S.P."
DIMNIKARSTVO SLAVKO PIRIH S.P.,DIMNIKARSTVO SLAVKO PIRIH S.P.,,"Trg maršala Tita 17, 5220 Tolmin",", DIMNIKARSTVO SLAVKO PIRIH S.P."
SKALA GRADBENIŠTVO IN STORITVE Z GRADBENO MEHANIZACIJO DRAGO KEREC S.P.,SKALA GRADBENIŠTVO IN STORITVE Z GRADBENO MEHANIZACIJO DRAGO KEREC S.P.,,"Spodnji Žerjavci 53, 2230 Lenart v Slov. goricah",", SKALA GRADBENIŠTVO IN STORITVE Z GRADBENO MEHANIZACIJO DRAGO KEREC S.P."
"POGREBNE STORITVE, IVAN ROPOTAR S.P.","POGREBNE STORITVE, IVAN ROPOTAR S.P.",,"Starovaška ulica 12, 3311 Šempeter v Savinjski dolini",", POGREBNE STORITVE, IVAN ROPOTAR S.P."
SERVIS VODOMEROV BOŠTJAN PODREPŠEK s.p.,SERVIS VODOMEROV BOŠTJAN PODREPŠEK s.p.,,"Obrtniška cesta  6, 3220 Štore",", SERVIS VODOMEROV BOŠTJAN PODREPŠEK s.p."
TEŽKA GRADBENA MEHANIZACIJA TONI GRABNAR S.P.,TEŽKA GRADBENA MEHANIZACIJA TONI GRABNAR S.P.,,"Maline 8, 8231 Trebelno",", TEŽKA GRADBENA MEHANIZACIJA TONI GRABNAR S.P."
"DIMNIKARSKE STORITVE IN POSLOVNO SVETOVANJE, ARTY RODOŠEK S.P.","DIMNIKARSKE STORITVE IN POSLOVNO SVETOVANJE, ARTY RODOŠEK S.P.",,"Slomškov trg 8, 2000 Maribor",", DIMNIKARSKE STORITVE IN POSLOVNO SVETOVANJE, ARTY RODOŠEK S.P."
"AVTOPREVOZNIŠTVO, ZEMELJSKA DELA KOVAČ JOŽE, S.P.","AVTOPREVOZNIŠTVO, ZEMELJSKA DELA KOVAČ JOŽE, S.P.",,"Dobrava 62, 3214 Zreče",", AVTOPREVOZNIŠTVO, ZEMELJSKA DELA KOVAČ JOŽE, S.P."
"MEDICINA STOPAR ALOJZ DR.MED. s.p., ZASEBNA AMBULANTA SPLOŠNE MEDICINE","MEDICINA STOPAR ALOJZ DR.MED. s.p., ZASEBNA AMBULANTA SPLOŠNE MEDICINE",,"Krmelj 53, 8296 Krmelj",", MEDICINA STOPAR ALOJZ DR.MED. s.p., ZASEBNA AMBULANTA SPLOŠNE MEDICINE"
"GRADKOP JOŽICA TRAMPUŠ S.P., gradbene storitve","GRADKOP JOŽICA TRAMPUŠ S.P., gradbene storitve",,"Sora 21 A, 1215 Medvode",", GRADKOP JOŽICA TRAMPUŠ S.P., gradbene storitve"
GOZDNA DELA IN VZDRŽEVANJE CEST ŽAGAR JOŽE S.P.,GOZDNA DELA IN VZDRŽEVANJE CEST ŽAGAR JOŽE S.P.,,"Travnik 67, 1318 Loški Potok",", GOZDNA DELA IN VZDRŽEVANJE CEST ŽAGAR JOŽE S.P."
ALZIS POGREBNE STORITVE - JOŽICA COIF S.P.,ALZIS POGREBNE STORITVE - JOŽICA COIF S.P.,,"Mariborska cesta 100, 2312 Orehova vas",", ALZIS POGREBNE STORITVE - JOŽICA COIF S.P."
DIMNIKARSTVO KRANER VINCENCIJ KRALJ S.P.,DIMNIKARSTVO KRANER VINCENCIJ KRALJ S.P.,,"Notranjska cesta 14, 1370 Logatec",", DIMNIKARSTVO KRANER VINCENCIJ KRALJ S.P."
"LESUS PROIZVODNJA, STORITEV IN PREVOZNIŠTVO, JANKO SOVINC S.P.","LESUS PROIZVODNJA, STORITEV IN PREVOZNIŠTVO, JANKO SOVINC S.P.",,"Topolšica 196, 3325 Šoštanj",", LESUS PROIZVODNJA, STORITEV IN PREVOZNIŠTVO, JANKO SOVINC S.P."
DIMNIKARSTVO IDRIJA STANKO ŠUKALO S.P.,DIMNIKARSTVO IDRIJA STANKO ŠUKALO S.P.,,"Levstikova ulica 5, 5280 Idrija",", DIMNIKARSTVO IDRIJA STANKO ŠUKALO S.P."
DIMNIKARSTVO JOŽE KLOBASA S.P.,DIMNIKARSTVO JOŽE KLOBASA S.P.,,"Mariborska cesta 10, 2230 Lenart v Slov. goricah",", DIMNIKARSTVO JOŽE KLOBASA S.P."
"POLAGANJE OBLOG IN ZASTOPANJE, BOGDAN PAVLIN, S.P.","POLAGANJE OBLOG IN ZASTOPANJE, BOGDAN PAVLIN, S.P.",,"Lozice 24 A, 5272 Podnanos",", POLAGANJE OBLOG IN ZASTOPANJE, BOGDAN PAVLIN, S.P."
ŠPIK PREVOZ OSEB - APARTMAJI MIROSLAV ŠPIK s.p.,ŠPIK PREVOZ OSEB - APARTMAJI MIROSLAV ŠPIK s.p.,,"Gorenji Novaki 24, 5282 Cerkno",", ŠPIK PREVOZ OSEB - APARTMAJI MIROSLAV ŠPIK s.p."
IVANUŠA DANILO S.P. - ELEKTRO ISM,IVANUŠA DANILO S.P. - ELEKTRO ISM,,"Ljutomerska cesta 12, 2270 Ormož",", IVANUŠA DANILO S.P. - ELEKTRO ISM"
"""PREVOZNIŠTVO MIKI"" MERZDOVNIK MILAN S.P.","""PREVOZNIŠTVO MIKI"" MERZDOVNIK MILAN S.P.",,"Mislinjska Dobrava 114 A, 2383 Šmartno pri Slovenj Gradcu",", ""PREVOZNIŠTVO MIKI"" MERZDOVNIK MILAN S.P."
STORITVE PREVOZA BOLNIKOV TOMAŽ ŠTER S.P.,STORITVE PREVOZA BOLNIKOV TOMAŽ ŠTER S.P.,,"Frankovo naselje 128, 4220 Škofja Loka",", STORITVE PREVOZA BOLNIKOV TOMAŽ ŠTER S.P."
"PREVOZI UMRLIH OSEB, UREJANJE POKOPALIŠČ IN IZKOP TER ZASIP JAM, DEJAVNOST CVETLIČARN DRAGO ŽEKAR S.P.","PREVOZI UMRLIH OSEB, UREJANJE POKOPALIŠČ IN IZKOP TER ZASIP JAM, DEJAVNOST CVETLIČARN DRAGO ŽEKAR S.P.",,"Gradiški Dol 6 B, 3250 Rogaška Slatina",", PREVOZI UMRLIH OSEB, UREJANJE POKOPALIŠČ IN IZKOP TER ZASIP JAM, DEJAVNOST CVETLIČARN DRAGO ŽEKAR S.P."
ELEKTROMEHANIKA BRANKO GREGORIČ S.P.,ELEKTROMEHANIKA BRANKO GREGORIČ S.P.,,"Zabrdje 26, 8233 Mirna",", ELEKTROMEHANIKA BRANKO GREGORIČ S.P."
BOX OZNAČEVANJE TALNIH OZNAČB PRIMOŽ ZAJC S.P.,BOX OZNAČEVANJE TALNIH OZNAČB PRIMOŽ ZAJC S.P.,,"Šaranovičeva cesta 31 A, 1230 Domžale",", BOX OZNAČEVANJE TALNIH OZNAČB PRIMOŽ ZAJC S.P."
AVTOPREVOZNIŠTVO - KRAŠEVEC SANDI S.P.,AVTOPREVOZNIŠTVO - KRAŠEVEC SANDI S.P.,,"Moravče pri Gabrovki 12, 1274 Gabrovka",", AVTOPREVOZNIŠTVO - KRAŠEVEC SANDI S.P."
DIMNIKARSTVO ESAD ČATIĆ S.P.,DIMNIKARSTVO ESAD ČATIĆ S.P.,,"Lepovče 43, 1310 Ribnica",", DIMNIKARSTVO ESAD ČATIĆ S.P."
DIMNIKARSTVO IN SANACIJA DIMNIKOV OKIĆ FADIL S.P.,DIMNIKARSTVO IN SANACIJA DIMNIKOV OKIĆ FADIL S.P.,,"Cesta Notranjskega odreda 46, 1317 Sodražica",", DIMNIKARSTVO IN SANACIJA DIMNIKOV OKIĆ FADIL S.P."
ELEKTROMEHANIKA ROBERT KOPAČ S.P.,ELEKTROMEHANIKA ROBERT KOPAČ S.P.,,"Koroška cesta 65, 4000 Kranj",", ELEKTROMEHANIKA ROBERT KOPAČ S.P."
"AVTOPREVOZNIŠTVO ŠAMU-TURS, TRGOVINA, JOSIP ŠAMU S.P.","AVTOPREVOZNIŠTVO ŠAMU-TURS, TRGOVINA, JOSIP ŠAMU S.P.",,"Nove Loke 5, 3330 Mozirje",", AVTOPREVOZNIŠTVO ŠAMU-TURS, TRGOVINA, JOSIP ŠAMU S.P."
"Zobna ordinacija, Barbara Ražen s.p.","Zobna ordinacija, Barbara Ražen s.p.",,"Kopitarjev trg 1, 1217 Vodice",", Zobna ordinacija, Barbara Ražen s.p."
"POMOČ DRUŽINI NA DOMU, JANJA KOS S.P.","POMOČ DRUŽINI NA DOMU, JANJA KOS S.P.",,"Brezje pri Tržiču 71, 4290 Tržič",", POMOČ DRUŽINI NA DOMU, JANJA KOS S.P."
"ZASEBNA ZOBNA AMBULANTA, GORAN ŠALKOVIĆ DR. DENT. MED, S.P.","ZASEBNA ZOBNA AMBULANTA, GORAN ŠALKOVIĆ DR. DENT. MED, S.P.",,"Blejska cesta 10, 4290 Tržič",", ZASEBNA ZOBNA AMBULANTA, GORAN ŠALKOVIĆ DR. DENT. MED, S.P."
PREVOZI Rok Jaklič s.p.,PREVOZI Rok Jaklič s.p.,,"Šahovec 5, 8211 Dobrnič",", PREVOZI Rok Jaklič s.p."
POSLOVNE STORITVE IN OBDELAVA PODATKOV - SKERBINJEK KAVALAR MAJA S.P.,POSLOVNE STORITVE IN OBDELAVA PODATKOV - SKERBINJEK KAVALAR MAJA S.P.,,"Lavričeva ulica 1 A, 2000 Maribor",", POSLOVNE STORITVE IN OBDELAVA PODATKOV - SKERBINJEK KAVALAR MAJA S.P."
"SPECIALISTIČNA PSIHIATRIČNA ORDINACIJA, Miroslav Berić s.p.","SPECIALISTIČNA PSIHIATRIČNA ORDINACIJA, Miroslav Berić s.p.",,"Osojnikova cesta 9, 2250 Ptuj",", SPECIALISTIČNA PSIHIATRIČNA ORDINACIJA, Miroslav Berić s.p."
"Fiziatrična ambulanta, Stanko Tominc s.p.","Fiziatrična ambulanta, Stanko Tominc s.p.",,"Pot v toplice 9, 2250 Ptuj",", Fiziatrična ambulanta, Stanko Tominc s.p."
Oddajanje lastnih nepremičnin in druge poslovne storitve Aljoša Toš s. p.,Oddajanje lastnih nepremičnin in druge poslovne storitve Aljoša Toš s. p.,,"Langusova ulica 24 A, 2250 Ptuj",", Oddajanje lastnih nepremičnin in druge poslovne storitve Aljoša Toš s. p."
"Prim. mag. Šegota Nikša, dr. med., specialistična zdravniška dejavnost, s.p.","Prim. mag. Šegota Nikša, dr. med., specialistična zdravniška dejavnost, s.p.",,"Prekorje 53, 3211 Škofja vas",", Prim. mag. Šegota Nikša, dr. med., specialistična zdravniška dejavnost, s.p."
"Zdravniške, svetovalne in izobraževalne storitve, Igor Muževič s.p.","Zdravniške, svetovalne in izobraževalne storitve, Igor Muževič s.p.",,"Dunajska cesta 88, 1000 Ljubljana",", Zdravniške, svetovalne in izobraževalne storitve, Igor Muževič s.p."
RAČUNALNIŠKO PROGRAMIRANJE MATEJ KRAVOS S.P.,RAČUNALNIŠKO PROGRAMIRANJE MATEJ KRAVOS S.P.,,"Cesta 92 C, 5270 Ajdovščina",", RAČUNALNIŠKO PROGRAMIRANJE MATEJ KRAVOS S.P."
"DIMNIKARSTVO NEJA, BREZAK DAVOR, s.p.","DIMNIKARSTVO NEJA, BREZAK DAVOR, s.p.",,"Čača vas 1 C, 3241 Podplat",", DIMNIKARSTVO NEJA, BREZAK DAVOR, s.p."
"Fizioterapija Krajnc, Ana Krajnc s.p.","Fizioterapija Krajnc, Ana Krajnc s.p.",,"Kompolje 71, 1312 Videm - Dobrepolje",", Fizioterapija Krajnc, Ana Krajnc s.p."
